job_001,comp_netflix
job_002,comp_netflix
job_003,comp_anthropic
job_004,comp_snowflake
job_005,comp_google
job_006,comp_netflix
job_007,comp_airbnb
job_008,comp_stripe
job_009,comp_uber
job_010,comp_netflix
job_011,comp_stripe
job_012,comp_snowflake
job_013,comp_snowflake
job_014,comp_anthropic
job_015,comp_google
job_016,comp_openai
job_017,comp_snowflake
job_018,comp_airbnb
job_019,comp_datadog
job_020,comp_netflix
job_021,comp_meta
job_022,comp_snowflake
job_023,comp_anthropic
job_024,comp_meta
job_025,comp_airbnb
job_026,comp_meta
job_027,comp_netflix
job_028,comp_uber
job_029,comp_meta
job_030,comp_google
job_031,comp_google
job_032,comp_netflix
job_033,comp_uber
job_034,comp_anthropic
job_035,comp_google
job_036,comp_airbnb
job_037,comp_openai
job_038,comp_datadog
job_039,comp_stripe
job_040,comp_snowflake
